Marca temporal,"¿Actualmente estudias, trabajas o colaboras en el Colmex?",¿A qué centro de estudios perteneces?,¿Cuál es tu usuario de Twitter? Sin @ y sin espacios. Ejemplo: CEEColmex,"¿Cuál es tu Twitter ID?  Sin espacios. Ejemplo: 745770199. Si tienes dudas, ver instrucciones abajo."
22/3/2021 12:38:03,"Ex-alumno, ex-becario, ex-profesor, ex-administrativo",Centro de Estudios Económicos (CEE),MGF91,94496757
22/3/2021 12:44:28,En la comunidad actualmente,Centro de Estudios Económicos (CEE),magoreyes,52667287
22/3/2021 12:44:48,"Ex-alumno, ex-becario, ex-profesor, ex-administrativo",Centro de Estudios Económicos (CEE),Ar_charleston,1247720201501552641
22/3/2021 12:45:15,"Ex-alumno, ex-becario, ex-profesor, ex-administrativo",Centro de Estudios Económicos (CEE),ricardo_delao,45420967
22/3/2021 12:47:56,En la comunidad actualmente,Centro de Estudios Internacionales (CEI),@Monsieur_JABS,818414802
22/3/2021 12:48:06,En la comunidad actualmente,Centro de Estudios Internacionales (CEI),@Monsieur_JABS,818414802
22/3/2021 12:48:42,En la comunidad actualmente,Centro de Estudios Históricos (CEH),maritzagomre,1059655520938688513
22/3/2021 12:50:41,En la comunidad actualmente,Centro de Estudios Internacionales (CEI),David_Vertty,186689866
22/3/2021 13:12:00,En la comunidad actualmente,Centro de Estudios Económicos (CEE),paco_rueda_,981494792
22/3/2021 13:18:08,"Ex-alumno, ex-becario, ex-profesor, ex-administrativo",Centro de Estudios Internacionales (CEI),Rijasso,825100500307738626
22/3/2021 13:21:18,En la comunidad actualmente,Centro de Estudios Económicos (CEE),atzinchiguil,3743966598
22/3/2021 13:22:39,En la comunidad actualmente,Centro de Estudios Económicos (CEE),@pablo_derbez,170398596
22/3/2021 13:27:24,"Ex-alumno, ex-becario, ex-profesor, ex-administrativo",Centro de Estudios Económicos (CEE),AxelorioPangs,335595350
22/3/2021 13:27:50,"Ex-alumno, ex-becario, ex-profesor, ex-administrativo",Centro de Estudios Económicos (CEE),@__miirrrr,1372542209262813185
22/3/2021 13:28:08,"Ex-alumno, ex-becario, ex-profesor, ex-administrativo",Centro de Estudios Internacionales (CEI),apgarzag,1117960034
22/3/2021 13:28:48,En la comunidad actualmente,Centro de Estudios Internacionales (CEI),la_sanalotodo,809934481
22/3/2021 13:29:01,"Ex-alumno, ex-becario, ex-profesor, ex-administrativo",Centro de Estudios Económicos (CEE),Pau_Bouchot,127685309
22/3/2021 13:29:02,"Ex-alumno, ex-becario, ex-profesor, ex-administrativo",Centro de Estudios Internacionales (CEI),val_mrls,81214553
22/3/2021 13:30:52,En la comunidad actualmente,Centro de Estudios Económicos (CEE),luis__fer__,2885499000
22/3/2021 13:32:58,"Ex-alumno, ex-becario, ex-profesor, ex-administrativo",Centro de Estudios Económicos (CEE),CEGudino,1345526364
22/3/2021 13:34:12,"Ex-alumno, ex-becario, ex-profesor, ex-administrativo",Centro de Estudios Internacionales (CEI),Regina_RT,153982881
22/3/2021 13:34:37,"Ex-alumno, ex-becario, ex-profesor, ex-administrativo",Centro de Estudios Económicos (CEE),@GWCampuzano,284978538
22/3/2021 13:34:41,"Ex-alumno, ex-becario, ex-profesor, ex-administrativo",Centro de Estudios Internacionales (CEI),tatianafd,40105481
22/3/2021 13:35:37,"Ex-alumno, ex-becario, ex-profesor, ex-administrativo",Centro de Estudios Internacionales (CEI),Arturo_APR,587894779
22/3/2021 13:36:17,"Ex-alumno, ex-becario, ex-profesor, ex-administrativo",Centro de Estudios Sociológicos (CES),Aprilis_T,131965979
22/3/2021 13:36:27,En la comunidad actualmente,Centro de Estudios Internacionales (CEI),xime_leono,798727988
22/3/2021 13:41:11,"Ex-alumno, ex-becario, ex-profesor, ex-administrativo",Centro de Estudios Económicos (CEE),rodasmilian,459780476
22/3/2021 13:42:04,En la comunidad actualmente,"Centro de Estudios Demográficos, Urbanos y Ambientales (CEDUA)",JosueRM320,131106194
22/3/2021 13:46:34,En la comunidad actualmente,Centro de Estudios Internacionales (CEI),BMOG00,872981619220545536
22/3/2021 13:47:15,En la comunidad actualmente,Centro de Estudios Internacionales (CEI),@_Mar1508,887641962
22/3/2021 13:50:08,"Ex-alumno, ex-becario, ex-profesor, ex-administrativo",Centro de Estudios Económicos (CEE),gomezlovera,15458205
22/3/2021 13:50:34,"Ex-alumno, ex-becario, ex-profesor, ex-administrativo",Centro de Estudios Económicos (CEE),_diegoac,523830221
22/3/2021 13:54:21,"Ex-alumno, ex-becario, ex-profesor, ex-administrativo",Centro de Estudios Económicos (CEE),MGF91,94496757
22/3/2021 14:03:41,"Ex-alumno, ex-becario, ex-profesor, ex-administrativo",Centro de Estudios Económicos (CEE),los_agachados,162773274
22/3/2021 14:06:56,En la comunidad actualmente,Centro de Estudios Económicos (CEE),angiefael,1252890854
22/3/2021 14:21:59,"Ex-alumno, ex-becario, ex-profesor, ex-administrativo",Centro de Estudios Económicos (CEE),santana_sabine,1101215930963685378
22/3/2021 14:30:19,En la comunidad actualmente,Centro de Estudios Internacionales (CEI),rodrigo_charvel,1202734710
22/3/2021 14:32:51,En la comunidad actualmente,Centro de Estudios Económicos (CEE),luisfpergo,183467283
22/3/2021 14:35:33,En la comunidad actualmente,Centro de Estudios Económicos (CEE),Marco_mna,113233082
22/3/2021 14:38:53,En la comunidad actualmente,Centro de Estudios Internacionales (CEI),xilngocentrista,1721825347
22/3/2021 14:39:03,"Ex-alumno, ex-becario, ex-profesor, ex-administrativo",Centro de Estudios Internacionales (CEI),laqueandaxahi,894546181
22/3/2021 14:58:20,En la comunidad actualmente,Centro de Estudios Internacionales (CEI),willschoning,255707088
22/3/2021 15:08:09,"Ex-alumno, ex-becario, ex-profesor, ex-administrativo",Centro de Estudios Económicos (CEE),Laurita_DiRam,1171187428922728448
22/3/2021 15:08:23,En la comunidad actualmente,"Centro de Estudios Demográficos, Urbanos y Ambientales (CEDUA)",fide_ap,967830650894958593
22/3/2021 15:08:31,"Ex-alumno, ex-becario, ex-profesor, ex-administrativo",Centro de Estudios Económicos (CEE),DianaMartnezPa3,1282089660509020161
22/3/2021 15:10:42,En la comunidad actualmente,Centro de Estudios Lingüísticos y Literarios (CELL),carmenfaroo,442592847
22/3/2021 15:19:05,"Ex-alumno, ex-becario, ex-profesor, ex-administrativo",Centro de Estudios Sociológicos (CES),Julianatilano,103772258
22/3/2021 15:19:05,En la comunidad actualmente,"Centro de Estudios Demográficos, Urbanos y Ambientales (CEDUA)",lillianmvr,140475130
22/3/2021 15:22:09,En la comunidad actualmente,"Centro de Estudios Demográficos, Urbanos y Ambientales (CEDUA)",vcardenas77,139301627
22/3/2021 15:26:11,"Ex-alumno, ex-becario, ex-profesor, ex-administrativo","Centro de Estudios Demográficos, Urbanos y Ambientales (CEDUA)",Rosales_MX_,1024853147057967104
22/3/2021 15:33:13,En la comunidad actualmente,Centro de Estudios Económicos (CEE),GermanCampos1,286782054
22/3/2021 15:36:52,En la comunidad actualmente,Centro de Estudios Económicos (CEE),tuiteaoscar,1259926819425275904
22/3/2021 15:36:57,En la comunidad actualmente,"Centro de Estudios Demográficos, Urbanos y Ambientales (CEDUA)",Freyvaz92,1008889656191025152
22/3/2021 15:37:17,En la comunidad actualmente,"Centro de Estudios Demográficos, Urbanos y Ambientales (CEDUA)",MesiKhaleesi,2455365890
22/3/2021 15:38:43,"Ex-alumno, ex-becario, ex-profesor, ex-administrativo","Centro de Estudios Demográficos, Urbanos y Ambientales (CEDUA)",_akaarigato,179349364
22/3/2021 15:40:43,En la comunidad actualmente,Centro de Estudios Internacionales (CEI),moredestructive,97308802
22/3/2021 15:41:19,En la comunidad actualmente,Centro de Estudios Económicos (CEE),Marianasanudo,378054056
22/3/2021 15:44:35,En la comunidad actualmente,Centro de Estudios Económicos (CEE),LeoEnriquezH,260316940
22/3/2021 15:49:37,"Ex-alumno, ex-becario, ex-profesor, ex-administrativo",Centro de Estudios Económicos (CEE),JuvenalCamposF,260088313
22/3/2021 15:50:50,En la comunidad actualmente,Centro de Estudios Económicos (CEE),MarianoT306,1096180073504428032
22/3/2021 15:52:06,En la comunidad actualmente,Centro de Estudios Sociológicos (CES),zalvadormt ,1891492303
22/3/2021 15:52:25,"Ex-alumno, ex-becario, ex-profesor, ex-administrativo",Centro de Estudios Económicos (CEE),anakarenmagar,346363412
22/3/2021 16:04:55,"Ex-alumno, ex-becario, ex-profesor, ex-administrativo",Centro de Estudios Internacionales (CEI),maurod1993,213939726
22/3/2021 16:07:56,En la comunidad actualmente,"Centro de Estudios Demográficos, Urbanos y Ambientales (CEDUA)",Itzel_vqz,59946772
22/3/2021 16:17:19,En la comunidad actualmente,Centro de Estudios Internacionales (CEI),stfuyair__,375979218
22/3/2021 16:17:44,En la comunidad actualmente,Centro de Estudios Internacionales (CEI),solodimemario,241262103
22/3/2021 16:18:04,En la comunidad actualmente,"Centro de Estudios Demográficos, Urbanos y Ambientales (CEDUA)",DyssodiaPinnata,1262501750868570112
22/3/2021 16:32:15,En la comunidad actualmente,"Centro de Estudios Demográficos, Urbanos y Ambientales (CEDUA)",de_ruisenor,269538496
22/3/2021 16:33:04,En la comunidad actualmente,Centro de Estudios Económicos (CEE),Fernando_HPach,1199086748795625472
22/3/2021 16:40:37,"Ex-alumno, ex-becario, ex-profesor, ex-administrativo",Centro de Estudios Internacionales (CEI),CFraustoLara,85839725
22/3/2021 16:40:51,En la comunidad actualmente,Centro de Estudios Económicos (CEE),Yesmetztli ,1649552401
22/3/2021 16:48:30,"Ex-alumno, ex-becario, ex-profesor, ex-administrativo",Centro de Estudios Económicos (CEE),HugoCastroH,97209751
22/3/2021 17:00:19,"Ex-alumno, ex-becario, ex-profesor, ex-administrativo",Centro de Estudios Internacionales (CEI),fatalefrau,963378100166897664
22/3/2021 17:03:23,"Ex-alumno, ex-becario, ex-profesor, ex-administrativo","Centro de Estudios Demográficos, Urbanos y Ambientales (CEDUA)",anacatpin,1897528387
22/3/2021 17:16:13,En la comunidad actualmente,Centro de Estudios Internacionales (CEI),@cbuburron,3053649281
22/3/2021 17:29:48,En la comunidad actualmente,"Centro de Estudios Demográficos, Urbanos y Ambientales (CEDUA)",@Ann_Plapelia,837771794639642624
22/3/2021 17:56:57,"Ex-alumno, ex-becario, ex-profesor, ex-administrativo",Centro de Estudios Internacionales (CEI),valentumina ,183865096
22/3/2021 18:06:27,En la comunidad actualmente,"Centro de Estudios Demográficos, Urbanos y Ambientales (CEDUA)",LinaC_MaS,239653069
22/3/2021 18:15:59,En la comunidad actualmente,Centro de Estudios Económicos (CEE),sebas_delamaza,830403907952054272
22/3/2021 18:18:14,"Ex-alumno, ex-becario, ex-profesor, ex-administrativo",Centro de Estudios Internacionales (CEI),luisenmad,87882499
22/3/2021 18:28:19,"Ex-alumno, ex-becario, ex-profesor, ex-administrativo",Centro de Estudios Económicos (CEE),KarlaFdaMacias,132285630
22/3/2021 18:46:39,"Ex-alumno, ex-becario, ex-profesor, ex-administrativo",Centro de Estudios Económicos (CEE),jlsosagar,771104550707003392
22/3/2021 18:55:23,En la comunidad actualmente,Centro de Estudios Económicos (CEE),@kikz_77,236204960
22/3/2021 19:38:18,En la comunidad actualmente,Centro de Estudios Internacionales (CEI),LuisLazos,356614996
22/3/2021 20:42:26,"Ex-alumno, ex-becario, ex-profesor, ex-administrativo",Centro de Estudios Económicos (CEE),RatzanyelRincon,1250516580
22/3/2021 20:48:15,"Ex-alumno, ex-becario, ex-profesor, ex-administrativo","Centro de Estudios Demográficos, Urbanos y Ambientales (CEDUA)",@kathrynklaas,1144967825137664000
22/3/2021 21:26:59,En la comunidad actualmente,"Centro de Estudios Demográficos, Urbanos y Ambientales (CEDUA)",calm77,130202149
22/3/2021 21:34:19,"Ex-alumno, ex-becario, ex-profesor, ex-administrativo",Centro de Estudios Sociológicos (CES),@AlfredoNarvaez,33667453
22/3/2021 21:37:27,"Ex-alumno, ex-becario, ex-profesor, ex-administrativo",Centro de Estudios Internacionales (CEI),jaimelat,121919980
22/3/2021 21:37:52,En la comunidad actualmente,"Centro de Estudios Demográficos, Urbanos y Ambientales (CEDUA)",MarcoPolo_R,1077249683993575431
22/3/2021 21:46:09,En la comunidad actualmente,Centro de Estudios Económicos (CEE),andreablkr,756985603648987136
22/3/2021 21:51:38,"Ex-alumno, ex-becario, ex-profesor, ex-administrativo",Centro de Estudios Económicos (CEE),jlandere,172079167
22/3/2021 22:00:32,En la comunidad actualmente,Centro de Estudios Internacionales (CEI),@monsepazr,493190088
22/3/2021 22:16:18,"Ex-alumno, ex-becario, ex-profesor, ex-administrativo",Centro de Estudios Económicos (CEE),Karlaneriii,910303109984944129
22/3/2021 22:28:17,En la comunidad actualmente,"Centro de Estudios Demográficos, Urbanos y Ambientales (CEDUA)",jandradorado,61240916
22/3/2021 22:28:47,"Ex-alumno, ex-becario, ex-profesor, ex-administrativo",Centro de Estudios Internacionales (CEI),jandradorado,61240916
22/3/2021 22:38:19,En la comunidad actualmente,Centro de Estudios Internacionales (CEI),caedpema,838220731565535232
22/3/2021 22:41:24,En la comunidad actualmente,Centro de Estudios Internacionales (CEI),LuisFSulfito,822210275843534848
22/3/2021 22:48:17,"Ex-alumno, ex-becario, ex-profesor, ex-administrativo",Centro de Estudios Internacionales (CEI),Jojocalifornia,175489281
22/3/2021 22:55:29,En la comunidad actualmente,Centro de Estudios Económicos (CEE),JBerasaluce,118659352
22/3/2021 22:57:54,En la comunidad actualmente,"Centro de Estudios Demográficos, Urbanos y Ambientales (CEDUA)",PMiller90 ,19805940
22/3/2021 23:05:22,"Ex-alumno, ex-becario, ex-profesor, ex-administrativo","Centro de Estudios Demográficos, Urbanos y Ambientales (CEDUA)",@psicourbano,927433692
22/3/2021 23:19:54,"Ex-alumno, ex-becario, ex-profesor, ex-administrativo",Centro de Estudios Internacionales (CEI),@ketzi_a,1091398180472639488
22/3/2021 23:24:10,"Ex-alumno, ex-becario, ex-profesor, ex-administrativo",Centro de Estudios Internacionales (CEI),fidelmonga,74637209
23/3/2021 0:05:44,En la comunidad actualmente,Biblioteca/Administrativo/Idiomas,tat030,90312966
23/3/2021 0:22:52,En la comunidad actualmente,Centro de Estudios Internacionales (CEI),aldonavaa,198210305
23/3/2021 1:20:25,En la comunidad actualmente,Centro de Estudios Internacionales (CEI),Viviana_GD,308086356
23/3/2021 2:49:33,"Ex-alumno, ex-becario, ex-profesor, ex-administrativo",Centro de Estudios Internacionales (CEI),Josemaria_mx,247629953
23/3/2021 7:35:25,"Ex-alumno, ex-becario, ex-profesor, ex-administrativo","Centro de Estudios Demográficos, Urbanos y Ambientales (CEDUA)",malenitzin,279176074
23/3/2021 8:23:10,En la comunidad actualmente,Centro de Estudios de Asia y África (CEAA),gabriela_palapa,1171183299173265408
23/3/2021 8:32:20,En la comunidad actualmente,Centro de Estudios Históricos (CEH),@anasof_re,280813396
23/3/2021 8:46:11,En la comunidad actualmente,Centro de Estudios Económicos (CEE),JesusSCarrillo,103081893
23/3/2021 8:46:40,"Ex-alumno, ex-becario, ex-profesor, ex-administrativo",Centro de Estudios Económicos (CEE),tinocarreto93,2321809326
23/3/2021 8:56:33,"Ex-alumno, ex-becario, ex-profesor, ex-administrativo",Centro de Estudios Económicos (CEE),ChemaGo,53793717
23/3/2021 9:12:39,En la comunidad actualmente,Centro de Estudios Económicos (CEE),ddavidmt,562437305
23/3/2021 9:40:31,En la comunidad actualmente,Centro de Estudios Económicos (CEE),Jochgm,3408778213
23/3/2021 9:56:54,En la comunidad actualmente,Centro de Estudios Internacionales (CEI),@maujimhz,1494924290
23/3/2021 10:10:01,"Ex-alumno, ex-becario, ex-profesor, ex-administrativo",Centro de Estudios Económicos (CEE),viconomics,133003259
23/3/2021 10:12:27,En la comunidad actualmente,Centro de Estudios Internacionales (CEI),ValaAntonio,2833235353
23/3/2021 10:30:23,"Ex-alumno, ex-becario, ex-profesor, ex-administrativo",Centro de Estudios Internacionales (CEI),aaaa_a_t,328723102
23/3/2021 10:36:57,En la comunidad actualmente,Centro de Estudios Internacionales (CEI),cachandra_,718584874337050626
23/3/2021 10:39:07,En la comunidad actualmente,Centro de Estudios Internacionales (CEI),mepa007,292697689
23/3/2021 10:42:45,"Ex-alumno, ex-becario, ex-profesor, ex-administrativo",Centro de Estudios Económicos (CEE),d_e_g_r,356342443
23/3/2021 10:53:33,"Ex-alumno, ex-becario, ex-profesor, ex-administrativo",Centro de Estudios Económicos (CEE),cabrowns,15685115
23/3/2021 10:55:20,"Ex-alumno, ex-becario, ex-profesor, ex-administrativo",Centro de Estudios Internacionales (CEI),estebanolhovich,363763798
23/3/2021 10:56:28,"Ex-alumno, ex-becario, ex-profesor, ex-administrativo",Centro de Estudios Económicos (CEE),@erre_a_erre,858050197192146946
23/3/2021 12:08:00,En la comunidad actualmente,"Centro de Estudios Demográficos, Urbanos y Ambientales (CEDUA)",munevar_sandram,1311801887860174848
23/3/2021 12:19:06,"Ex-alumno, ex-becario, ex-profesor, ex-administrativo",Centro de Estudios Históricos (CEH),@tazy,14455944
23/3/2021 12:51:02,"Ex-alumno, ex-becario, ex-profesor, ex-administrativo",Centro de Estudios Económicos (CEE),bquevedo,88467147
23/3/2021 13:04:56,"Ex-alumno, ex-becario, ex-profesor, ex-administrativo",Centro de Estudios Históricos (CEH),Karen_Iv_25,715394046
23/3/2021 15:19:50,En la comunidad actualmente,"Centro de Estudios Demográficos, Urbanos y Ambientales (CEDUA)",isagileve,1321483892424146946
23/3/2021 16:03:39,"Ex-alumno, ex-becario, ex-profesor, ex-administrativo",Centro de Estudios Económicos (CEE),luisfmunguia,40294376
23/3/2021 18:34:03,"Ex-alumno, ex-becario, ex-profesor, ex-administrativo",Centro de Estudios Internacionales (CEI),zepecaos,43407866
23/3/2021 18:52:48,En la comunidad actualmente,Centro de Estudios Lingüísticos y Literarios (CELL),carlosyeudiel,1023999529547427840
23/3/2021 20:59:38,En la comunidad actualmente,Centro de Estudios Internacionales (CEI),DrLorenzoMeyer,264380418
23/3/2021 21:00:22,"Ex-alumno, ex-becario, ex-profesor, ex-administrativo",Centro de Estudios Económicos (CEE),GMarquezColin,1073742015337123840
23/3/2021 21:01:24,"Ex-alumno, ex-becario, ex-profesor, ex-administrativo",Centro de Estudios Económicos (CEE),VelaDib,1241634845220110336
23/3/2021 21:04:48,"Ex-alumno, ex-becario, ex-profesor, ex-administrativo",Centro de Estudios Económicos (CEE),ArturoHerrera_G,1148643824891133952
23/3/2021 21:08:06,En la comunidad actualmente,"Centro de Estudios Demográficos, Urbanos y Ambientales (CEDUA)",Ssaucedo5050,3475489514
23/3/2021 21:08:54,"Ex-alumno, ex-becario, ex-profesor, ex-administrativo",Centro de Estudios Internacionales (CEI),gibranrr,53405285
23/3/2021 21:12:55,"Ex-alumno, ex-becario, ex-profesor, ex-administrativo",Centro de Estudios Internacionales (CEI),zepecaos,43407866
23/3/2021 21:20:11,En la comunidad actualmente,Centro de Estudios Internacionales (CEI),krnvdrs,1241911840923430920
23/3/2021 21:40:09,En la comunidad actualmente,Centro de Estudios Internacionales (CEI),flamand_laura,2291367079
23/3/2021 22:06:56,En la comunidad actualmente,Centro de Estudios Internacionales (CEI),rammaravilla ,2455730743
23/3/2021 22:09:19,En la comunidad actualmente,Centro de Estudios Internacionales (CEI),humbertobeck,1250382440
23/3/2021 22:10:10,En la comunidad actualmente,Centro de Estudios Sociológicos (CES),psolisaqui,3321649578
23/3/2021 22:10:54,"Ex-alumno, ex-becario, ex-profesor, ex-administrativo",Centro de Estudios Internacionales (CEI),cmaldona2,178954718
23/3/2021 22:11:52,En la comunidad actualmente,"Centro de Estudios Demográficos, Urbanos y Ambientales (CEDUA)",JulioArmillas,166369385
23/3/2021 22:14:20,"Ex-alumno, ex-becario, ex-profesor, ex-administrativo",Centro de Estudios Económicos (CEE),@macariomx,23322761
23/3/2021 22:14:30,En la comunidad actualmente,Centro de Estudios Históricos (CEH),martinhache,41931308
23/3/2021 22:16:21,"Ex-alumno, ex-becario, ex-profesor, ex-administrativo",Centro de Estudios Históricos (CEH),LuisdePablo,374048645
23/3/2021 22:16:53,"Ex-alumno, ex-becario, ex-profesor, ex-administrativo",Centro de Estudios Históricos (CEH),martinhache,41931308
23/3/2021 22:20:42,"Ex-alumno, ex-becario, ex-profesor, ex-administrativo",Centro de Estudios Sociológicos (CES),niloot,34547057
23/3/2021 22:21:32,En la comunidad actualmente,Centro de Estudios Internacionales (CEI),@fnietomorales,220271264
23/3/2021 22:25:11,"Ex-alumno, ex-becario, ex-profesor, ex-administrativo","Centro de Estudios Demográficos, Urbanos y Ambientales (CEDUA)",aniuxa,261567919
23/3/2021 22:44:16,"Ex-alumno, ex-becario, ex-profesor, ex-administrativo",Centro de Estudios Internacionales (CEI),sacampero,158165217
23/3/2021 22:45:55,"Ex-alumno, ex-becario, ex-profesor, ex-administrativo",Centro de Estudios Económicos (CEE),EvelynMagaliSR,264276207
23/3/2021 22:46:05,"Ex-alumno, ex-becario, ex-profesor, ex-administrativo",Centro de Estudios Sociológicos (CES),missborderlands,1053347924103454720
23/3/2021 23:09:19,En la comunidad actualmente,Centro de Estudios Económicos (CEE),Jc__pg,976593477604708354
23/3/2021 23:37:09,"Ex-alumno, ex-becario, ex-profesor, ex-administrativo",Centro de Estudios Internacionales (CEI),LuisenEscobar,429300653
24/3/2021 8:05:07,"Ex-alumno, ex-becario, ex-profesor, ex-administrativo",Centro de Estudios Internacionales (CEI),@luisrodaquino,89001892
24/3/2021 9:07:27,En la comunidad actualmente,Centro de Estudios Económicos (CEE),rodrigo_leo_,1063148973492441088
24/3/2021 9:16:02,"Ex-alumno, ex-becario, ex-profesor, ex-administrativo",Centro de Estudios Económicos (CEE),mlmlog,17730691
24/3/2021 9:23:51,"Ex-alumno, ex-becario, ex-profesor, ex-administrativo",Centro de Estudios Internacionales (CEI),AndresBesserer,595997803
24/3/2021 9:34:15,En la comunidad actualmente,Centro de Estudios Internacionales (CEI),@juancolmeda,218022095
24/3/2021 9:55:27,En la comunidad actualmente,"Centro de Estudios Demográficos, Urbanos y Ambientales (CEDUA)",Landy_SanchezPe,1149071213270093824
24/3/2021 9:55:54,En la comunidad actualmente,Centro de Estudios Internacionales (CEI),humbertobeck,1250382440
24/3/2021 9:57:58,En la comunidad actualmente,Centro de Estudios Económicos (CEE),PedroEGuerraH,1090042177302913025
24/3/2021 9:58:10,"Ex-alumno, ex-becario, ex-profesor, ex-administrativo",Centro de Estudios Internacionales (CEI),7ufi3ladm1rad0r,344972147
24/3/2021 10:01:03,En la comunidad actualmente,Centro de Estudios Internacionales (CEI),CBuburron,3053649281
24/3/2021 10:04:36,"Ex-alumno, ex-becario, ex-profesor, ex-administrativo",Centro de Estudios Internacionales (CEI),PalauEmiliano,976683518863474688
24/3/2021 10:08:11,En la comunidad actualmente,Centro de Estudios Internacionales (CEI),TercusKuhnsis,963225037141696512
24/3/2021 10:08:39,"Ex-alumno, ex-becario, ex-profesor, ex-administrativo",Centro de Estudios Sociológicos (CES),iulisca,41401722
24/3/2021 10:11:08,En la comunidad actualmente,Centro de Estudios Internacionales (CEI),OOC_COLMEX,1268213935624335362
24/3/2021 10:12:13,En la comunidad actualmente,"Centro de Estudios Demográficos, Urbanos y Ambientales (CEDUA)",vicenteugalde,84146712
24/3/2021 10:13:41,En la comunidad actualmente,Centro de Estudios Sociológicos (CES),paugtzm,144271360
24/3/2021 10:14:37,"Ex-alumno, ex-becario, ex-profesor, ex-administrativo","Centro de Estudios Demográficos, Urbanos y Ambientales (CEDUA)",DyssodiaPinnata,1262501750868570112
24/3/2021 10:19:21,En la comunidad actualmente,Centro de Estudios Internacionales (CEI),eavg136,1271177293076090880
24/3/2021 10:19:56,En la comunidad actualmente,"Centro de Estudios Demográficos, Urbanos y Ambientales (CEDUA)",TianaBHayden,1243667004831260685
24/3/2021 10:20:55,"Ex-alumno, ex-becario, ex-profesor, ex-administrativo",Centro de Estudios Internacionales (CEI),madiaca,554824007
24/3/2021 10:20:56,En la comunidad actualmente,Centro de Estudios Internacionales (CEI),elo_brun,260274699
24/3/2021 10:21:42,En la comunidad actualmente,"Centro de Estudios Demográficos, Urbanos y Ambientales (CEDUA)",_svazquez,1206040343176761346
24/3/2021 10:22:22,En la comunidad actualmente,Centro de Estudios Internacionales (CEI),CSamuelPalomera,1176497803784282114
24/3/2021 10:22:53,En la comunidad actualmente,Centro de Estudios Internacionales (CEI),Sofi_Leon98,956807179
24/3/2021 10:23:20,En la comunidad actualmente,Centro de Estudios Internacionales (CEI),trianagilm,1348836518576742407
24/3/2021 10:25:30,En la comunidad actualmente,Centro de Estudios Internacionales (CEI),dEmilianoAg,555520379
24/3/2021 10:28:54,En la comunidad actualmente,Centro de Estudios Internacionales (CEI),CircelSolis,726398168271826944
24/3/2021 10:38:15,"Ex-alumno, ex-becario, ex-profesor, ex-administrativo",Centro de Estudios Internacionales (CEI),@cero1796,188178655
24/3/2021 10:53:01,En la comunidad actualmente,Biblioteca/Administrativo/Idiomas,tomlibrarian,113514502
24/3/2021 11:03:48,"Ex-alumno, ex-becario, ex-profesor, ex-administrativo",Centro de Estudios Internacionales (CEI),DavidMaravilla,84770379
24/3/2021 11:16:54,"Ex-alumno, ex-becario, ex-profesor, ex-administrativo",Centro de Estudios Internacionales (CEI),liztcam,217311404
24/3/2021 11:21:13,En la comunidad actualmente,Biblioteca/Administrativo/Idiomas,elcolmex,118224151
24/3/2021 12:08:59,En la comunidad actualmente,Centro de Estudios Internacionales (CEI),b_luismc,1000764616949944320
24/3/2021 12:22:14,En la comunidad actualmente,Centro de Estudios Internacionales (CEI),Maarianavar,814569504860700674
24/3/2021 19:41:36,En la comunidad actualmente,Centro de Estudios de Asia y África (CEAA),Shungasensei,85159265
24/3/2021 19:45:04,En la comunidad actualmente,Centro de Estudios Internacionales (CEI),sergioaguayo,35103616
24/3/2021 19:46:45,En la comunidad actualmente,"Centro de Estudios Demográficos, Urbanos y Ambientales (CEDUA)",JRCossio,266194661
24/3/2021 19:47:41,En la comunidad actualmente,Centro de Estudios Económicos (CEE),esquivelgerardo,72433740
24/3/2021 20:42:23,"Ex-alumno, ex-becario, ex-profesor, ex-administrativo","Centro de Estudios Demográficos, Urbanos y Ambientales (CEDUA)",angonac,421180265
24/3/2021 20:50:36,En la comunidad actualmente,Centro de Estudios Lingüísticos y Literarios (CELL),violetavr,146870588
24/3/2021 20:59:02,En la comunidad actualmente,Centro de Estudios Sociológicos (CES),dj3mb,580320701
24/3/2021 21:00:03,"Ex-alumno, ex-becario, ex-profesor, ex-administrativo","Centro de Estudios Demográficos, Urbanos y Ambientales (CEDUA)",rocio_glez,40756083
24/3/2021 21:00:37,En la comunidad actualmente,Centro de Estudios Internacionales (CEI),Lina_B77,3226697154
24/3/2021 21:06:17,En la comunidad actualmente,Centro de Estudios Sociológicos (CES),manuelgilanton,2741188028
24/3/2021 21:12:34,En la comunidad actualmente,Centro de Estudios Sociológicos (CES),rblancartecolm1,829843403064111104
24/3/2021 21:13:54,En la comunidad actualmente,Centro de Estudios Sociológicos (CES),julio100344,3269365244
24/3/2021 21:15:04,En la comunidad actualmente,Centro de Estudios Sociológicos (CES),gabcano,276133649
24/3/2021 21:16:09,En la comunidad actualmente,Centro de Estudios Sociológicos (CES),SarahCernaV,176204227
24/3/2021 21:19:59,"Ex-alumno, ex-becario, ex-profesor, ex-administrativo",Centro de Estudios Internacionales (CEI),anagonmx,342226707
24/3/2021 21:24:20,En la comunidad actualmente,Centro de Estudios Sociológicos (CES),alicekrozer,717413188027817984
24/3/2021 21:26:31,En la comunidad actualmente,Centro de Estudios Económicos (CEE),rmcamposvazquez,123715428
24/3/2021 21:52:12,"Ex-alumno, ex-becario, ex-profesor, ex-administrativo",Centro de Estudios Sociológicos (CES),Rubiodude,138533301
24/3/2021 22:01:43,En la comunidad actualmente,Centro de Estudios Sociológicos (CES),@_danichances,37136082
24/3/2021 22:21:29,"Ex-alumno, ex-becario, ex-profesor, ex-administrativo",Centro de Estudios Lingüísticos y Literarios (CELL),japimeripous,14293283
24/3/2021 22:37:33,En la comunidad actualmente,Centro de Estudios de Asia y África (CEAA),ShadiRohana,1219389912237117440
24/3/2021 22:43:16,En la comunidad actualmente,Centro de Estudios Históricos (CEH),librocrepusculo,246113535
24/3/2021 22:46:18,En la comunidad actualmente,Centro de Estudios Históricos (CEH),skuntzficker,35035282
24/3/2021 22:48:07,En la comunidad actualmente,Centro de Estudios Históricos (CEH),PettinaVanni,1235728402960855040
24/3/2021 22:49:33,En la comunidad actualmente,Centro de Estudios Históricos (CEH),ArielKuri,1370451145
24/3/2021 23:55:17,"Ex-alumno, ex-becario, ex-profesor, ex-administrativo",Centro de Estudios Internacionales (CEI),@Oscar__Matz,36137994
25/3/2021 5:58:12,En la comunidad actualmente,Centro de Estudios Económicos (CEE),rmcamposvazquez,123715428
25/3/2021 8:04:07,En la comunidad actualmente,Centro de Estudios Lingüísticos y Literarios (CELL),FerAnaAA,1043319853
25/3/2021 12:30:12,"Ex-alumno, ex-becario, ex-profesor, ex-administrativo",Centro de Estudios Internacionales (CEI),@Gonzalo_Almeyda,235387109
25/3/2021 13:16:26,"Ex-alumno, ex-becario, ex-profesor, ex-administrativo",Centro de Estudios Internacionales (CEI),farmeria,87886203
25/3/2021 17:14:42,En la comunidad actualmente,Centro de Estudios Internacionales (CEI),melinaltamirano,1656204008
25/3/2021 17:53:53,En la comunidad actualmente,Centro de Estudios Económicos (CEE),emilionazara,287856036
25/3/2021 17:54:49,En la comunidad actualmente,Centro de Estudios Internacionales (CEI),mcpardo5,763886240945016832
25/3/2021 17:56:22,En la comunidad actualmente,Centro de Estudios Internacionales (CEI),Luicy_Pedroza,42909214
25/3/2021 18:04:37,En la comunidad actualmente,Centro de Estudios Internacionales (CEI),fsomuano,260976617
25/3/2021 18:06:38,En la comunidad actualmente,Centro de Estudios Internacionales (CEI),MartaTawil,873229194918023168
25/3/2021 18:24:00,En la comunidad actualmente,"Centro de Estudios Demográficos, Urbanos y Ambientales (CEDUA)",veronicacrossa,320677183
25/3/2021 18:26:01,En la comunidad actualmente,"Centro de Estudios Demográficos, Urbanos y Ambientales (CEDUA)",jdscolmex,2905725236
25/3/2021 18:41:03,En la comunidad actualmente,"Centro de Estudios Demográficos, Urbanos y Ambientales (CEDUA)",susaler,257830993
25/3/2021 18:43:49,En la comunidad actualmente,"Centro de Estudios Demográficos, Urbanos y Ambientales (CEDUA)",jlezama2,164770050
25/3/2021 18:45:36,En la comunidad actualmente,"Centro de Estudios Demográficos, Urbanos y Ambientales (CEDUA)",Nat_llanes,110523861
25/3/2021 18:49:22,En la comunidad actualmente,"Centro de Estudios Demográficos, Urbanos y Ambientales (CEDUA)",cmasfl,830229597593612288
25/3/2021 19:03:15,En la comunidad actualmente,"Centro de Estudios Demográficos, Urbanos y Ambientales (CEDUA)",nadinreis,2901980018
25/3/2021 19:07:36,En la comunidad actualmente,"Centro de Estudios Demográficos, Urbanos y Ambientales (CEDUA)",Landy_SanchezPe,1149071213270093824
26/3/2021 0:44:12,En la comunidad actualmente,Centro de Estudios Económicos (CEE),maruri_ec,325323230
26/3/2021 0:44:28,En la comunidad actualmente,Centro de Estudios Económicos (CEE),diego_lopezt,107570664
26/3/2021 8:30:06,"Ex-alumno, ex-becario, ex-profesor, ex-administrativo",Centro de Estudios Internacionales (CEI),BlancaHerediaR,364424331
26/3/2021 8:38:11,"Ex-alumno, ex-becario, ex-profesor, ex-administrativo",Centro de Estudios Internacionales (CEI),aocaranza,42549871
26/3/2021 10:50:09,"Ex-alumno, ex-becario, ex-profesor, ex-administrativo",Centro de Estudios Internacionales (CEI),Vkerber1,1093526425016127493
26/3/2021 11:06:01,En la comunidad actualmente,Centro de Estudios Internacionales (CEI),ruydg,118229888
26/3/2021 11:21:22,"Ex-alumno, ex-becario, ex-profesor, ex-administrativo",Centro de Estudios Internacionales (CEI),veladelviento,3984081494
26/3/2021 13:03:50,"Ex-alumno, ex-becario, ex-profesor, ex-administrativo",Centro de Estudios Internacionales (CEI),EsteSalmon,427869636
26/3/2021 19:07:10,"Ex-alumno, ex-becario, ex-profesor, ex-administrativo",Centro de Estudios Históricos (CEH),estanteabierto,3106239275
26/3/2021 21:33:17,En la comunidad actualmente,Centro de Estudios Internacionales (CEI),sebas_canseco,308235874
26/3/2021 21:42:16,En la comunidad actualmente,Centro de Estudios Económicos (CEE),mz_juanjo,1299164205594050563
27/3/2021 9:28:45,"Ex-alumno, ex-becario, ex-profesor, ex-administrativo",Centro de Estudios Económicos (CEE),@GWCampuzano,284978538
27/3/2021 11:26:12,"Ex-alumno, ex-becario, ex-profesor, ex-administrativo",Centro de Estudios Económicos (CEE),RoyRogersGlez,379342997
27/3/2021 19:52:07,"Ex-alumno, ex-becario, ex-profesor, ex-administrativo","Centro de Estudios Demográficos, Urbanos y Ambientales (CEDUA)",mochis22,96825547
28/3/2021 23:05:19,En la comunidad actualmente,Centro de Estudios Económicos (CEE),esquivelgerardo,72433740
28/3/2021 23:11:50,"Ex-alumno, ex-becario, ex-profesor, ex-administrativo",Centro de Estudios Históricos (CEH),@VeremundoC,1546308840
28/3/2021 23:14:48,"Ex-alumno, ex-becario, ex-profesor, ex-administrativo",Centro de Estudios Internacionales (CEI),pilartg84,46726745
28/3/2021 23:16:03,"Ex-alumno, ex-becario, ex-profesor, ex-administrativo",Centro de Estudios Internacionales (CEI),Victoriasoyyo,207843957
28/3/2021 23:18:38,"Ex-alumno, ex-becario, ex-profesor, ex-administrativo",Centro de Estudios Económicos (CEE),ynot58A,4223936778
28/3/2021 23:24:16,"Ex-alumno, ex-becario, ex-profesor, ex-administrativo",Centro de Estudios Internacionales (CEI),surdot,66469942
28/3/2021 23:25:16,"Ex-alumno, ex-becario, ex-profesor, ex-administrativo",Centro de Estudios Lingüísticos y Literarios (CELL),UnSimpleLector_,1348520572196708353
28/3/2021 23:33:53,En la comunidad actualmente,Biblioteca/Administrativo/Idiomas,eruvalcab,1161493573
28/3/2021 23:34:47,"Ex-alumno, ex-becario, ex-profesor, ex-administrativo",Centro de Estudios Internacionales (CEI),iaacmx,129549899
28/3/2021 23:36:57,"Ex-alumno, ex-becario, ex-profesor, ex-administrativo",Centro de Estudios Internacionales (CEI),Cynthiallanos,98974161
28/3/2021 23:42:12,"Ex-alumno, ex-becario, ex-profesor, ex-administrativo","Centro de Estudios Demográficos, Urbanos y Ambientales (CEDUA)",luzmahm,182827649
28/3/2021 23:50:06,"Ex-alumno, ex-becario, ex-profesor, ex-administrativo",Centro de Estudios Internacionales (CEI),Lejaguar,34769686
28/3/2021 23:51:23,En la comunidad actualmente,Centro de Estudios Internacionales (CEI),Roger,556777889
28/3/2021 23:53:50,"Ex-alumno, ex-becario, ex-profesor, ex-administrativo",Centro de Estudios Internacionales (CEI),heniohp,600143517
29/3/2021 1:11:00,"Ex-alumno, ex-becario, ex-profesor, ex-administrativo",Centro de Estudios Económicos (CEE),Q_mauro,224021671
29/3/2021 1:12:25,"Ex-alumno, ex-becario, ex-profesor, ex-administrativo","Centro de Estudios Demográficos, Urbanos y Ambientales (CEDUA)",Glomarinagod ,244592660
29/3/2021 5:03:49,"Ex-alumno, ex-becario, ex-profesor, ex-administrativo",Centro de Estudios Económicos (CEE),Stabridis77,132504814
29/3/2021 6:37:22,"Ex-alumno, ex-becario, ex-profesor, ex-administrativo",Centro de Estudios Sociológicos (CES),rojo_neon,83128968
29/3/2021 7:04:22,"Ex-alumno, ex-becario, ex-profesor, ex-administrativo",Biblioteca/Administrativo/Idiomas,@more4t,1278447364768960513
29/3/2021 7:08:35,En la comunidad actualmente,Biblioteca/Administrativo/Idiomas,Acaxochitl20,482210543
29/3/2021 7:26:21,"Ex-alumno, ex-becario, ex-profesor, ex-administrativo",Centro de Estudios Internacionales (CEI),rsmoulinie,196980132
29/3/2021 7:33:05,"Ex-alumno, ex-becario, ex-profesor, ex-administrativo",Centro de Estudios Históricos (CEH),avilaquijas,248945526
29/3/2021 7:48:26,En la comunidad actualmente,Centro de Estudios Lingüísticos y Literarios (CELL),violetavr,146870588
29/3/2021 8:12:39,"Ex-alumno, ex-becario, ex-profesor, ex-administrativo",Centro de Estudios Sociológicos (CES),@equidadgenero,176628498
29/3/2021 8:28:17,En la comunidad actualmente,Centro de Estudios Históricos (CEH),@aueoraggf,457090748
29/3/2021 8:53:34,"Ex-alumno, ex-becario, ex-profesor, ex-administrativo","Centro de Estudios Demográficos, Urbanos y Ambientales (CEDUA)",@eledegan,52217648
29/3/2021 9:14:33,"Ex-alumno, ex-becario, ex-profesor, ex-administrativo",Centro de Estudios Históricos (CEH),@clioisrael,258602189
29/3/2021 9:22:08,"Ex-alumno, ex-becario, ex-profesor, ex-administrativo",Centro de Estudios Económicos (CEE),@jmmuro,92331834
29/3/2021 9:54:50,"Ex-alumno, ex-becario, ex-profesor, ex-administrativo",Centro de Estudios Económicos (CEE),BrendaPequeno,32006496
29/3/2021 9:55:49,"Ex-alumno, ex-becario, ex-profesor, ex-administrativo","Centro de Estudios Demográficos, Urbanos y Ambientales (CEDUA)",gerardo37rom,2550585457
29/3/2021 10:00:11,En la comunidad actualmente,Centro de Estudios Sociológicos (CES),paugtzm,144271360
29/3/2021 10:35:58,"Ex-alumno, ex-becario, ex-profesor, ex-administrativo",Centro de Estudios Económicos (CEE),EvaOArceo,2383986877
29/3/2021 10:44:10,En la comunidad actualmente,Centro de Estudios Sociológicos (CES),b_guemez,887081321352364033
29/3/2021 10:54:00,"Ex-alumno, ex-becario, ex-profesor, ex-administrativo",Centro de Estudios Internacionales (CEI),ralexisguillen,894352538
29/3/2021 11:00:26,En la comunidad actualmente,Centro de Estudios Internacionales (CEI),Elo_Brun,260274699
29/3/2021 11:38:14,En la comunidad actualmente,Centro de Estudios Internacionales (CEI),Lorena_RuanoXD,759885047646171136
29/3/2021 11:53:02,"Ex-alumno, ex-becario, ex-profesor, ex-administrativo",Centro de Estudios Internacionales (CEI),jorgeschiavon,101648502
29/3/2021 13:30:16,En la comunidad actualmente,Centro de Estudios Sociológicos (CES),psolisaqui,3321649578
29/3/2021 14:39:01,"Ex-alumno, ex-becario, ex-profesor, ex-administrativo",Centro de Estudios Internacionales (CEI),anagonmx,342226707
29/3/2021 14:44:33,"Ex-alumno, ex-becario, ex-profesor, ex-administrativo",Centro de Estudios Internacionales (CEI),gchagary,29240389
29/3/2021 15:14:09,"Ex-alumno, ex-becario, ex-profesor, ex-administrativo","Centro de Estudios Demográficos, Urbanos y Ambientales (CEDUA)",javgarred,34822466
30/3/2021 0:20:56,"Ex-alumno, ex-becario, ex-profesor, ex-administrativo",Centro de Estudios Económicos (CEE),Cevel68VG,592307909
30/3/2021 8:25:48,"Ex-alumno, ex-becario, ex-profesor, ex-administrativo",Centro de Estudios Internacionales (CEI),Jose Antonio Aguilar Rivera ,801852671946850304
30/3/2021 11:38:24,"Ex-alumno, ex-becario, ex-profesor, ex-administrativo",Centro de Estudios Internacionales (CEI),@adalcv,1085664260099895297
30/3/2021 11:52:34,"Ex-alumno, ex-becario, ex-profesor, ex-administrativo",Centro de Estudios Económicos (CEE),ecoluigi,137360383
30/3/2021 11:53:55,"Ex-alumno, ex-becario, ex-profesor, ex-administrativo",Centro de Estudios Económicos (CEE),palomajimdel,416698377
30/3/2021 12:00:58,"Ex-alumno, ex-becario, ex-profesor, ex-administrativo",Centro de Estudios Económicos (CEE),jemqcool,248803719
30/3/2021 12:54:33,En la comunidad actualmente,Centro de Estudios Económicos (CEE),Joel_caes,3300031274
30/3/2021 13:58:57,En la comunidad actualmente,Centro de Estudios Económicos (CEE),alicekrozer,717413188027817984
30/3/2021 15:16:12,"Ex-alumno, ex-becario, ex-profesor, ex-administrativo",Centro de Estudios Internacionales (CEI),jfibarra,79109860
30/3/2021 16:30:25,En la comunidad actualmente,Centro de Estudios Económicos (CEE),AlphMed,968664382711279616
30/3/2021 20:55:43,"Ex-alumno, ex-becario, ex-profesor, ex-administrativo",Centro de Estudios Económicos (CEE),OpinayDebate1,3325210824
31/3/2021 9:32:13,"Ex-alumno, ex-becario, ex-profesor, ex-administrativo",Centro de Estudios Sociológicos (CES),taniarodriguezm,141342813
31/3/2021 14:58:04,En la comunidad actualmente,Centro de Estudios Internacionales (CEI),bruneitorres,144615157
31/3/2021 16:25:52,En la comunidad actualmente,Centro de Estudios Internacionales (CEI),CEIColmex,456751217
31/3/2021 16:26:18,En la comunidad actualmente,"Centro de Estudios Demográficos, Urbanos y Ambientales (CEDUA)",CEDUAcolmex,198941912
31/3/2021 16:26:44,En la comunidad actualmente,Biblioteca/Administrativo/Idiomas,UnidasColmex,1090639814808854528
31/3/2021 16:27:22,En la comunidad actualmente,Biblioteca/Administrativo/Idiomas,BiblioColmex,2188868180
31/3/2021 16:27:51,En la comunidad actualmente,Centro de Estudios Históricos (CEH),CEHColmex,2355218522
31/3/2021 16:28:24,En la comunidad actualmente,Centro de Estudios de Asia y África (CEAA),CEAAColmex,103959665
31/3/2021 16:28:46,En la comunidad actualmente,Centro de Estudios Económicos (CEE),CEEColmex,745770199
31/3/2021 16:29:21,En la comunidad actualmente,Centro de Estudios Lingüísticos y Literarios (CELL),CELLColmex,791706973372678144
31/3/2021 16:29:57,En la comunidad actualmente,Centro de Estudios Sociológicos (CES),CES_COLMEX,4148762112
31/3/2021 16:30:58,En la comunidad actualmente,Centro de Estudios Sociológicos (CES),AalvaradoColmex,2949431836
31/3/2021 21:40:15,"Ex-alumno, ex-becario, ex-profesor, ex-administrativo",Centro de Estudios Internacionales (CEI),m_ebrard,64798737
31/3/2021 21:42:20,En la comunidad actualmente,Biblioteca/Administrativo/Idiomas,colmentoras,1194321352251117569
31/3/2021 21:47:39,En la comunidad actualmente,Biblioteca/Administrativo/Idiomas,TodesColmex,1226594757918457857
31/3/2021 21:48:34,En la comunidad actualmente,Biblioteca/Administrativo/Idiomas,FundacionColmex,4180929853
31/3/2021 21:49:04,En la comunidad actualmente,Centro de Estudios Internacionales (CEI),SePEI_Colmex,1855048909
31/3/2021 21:51:43,En la comunidad actualmente,Centro de Estudios Sociológicos (CES),sedes_colmex,871765187250016257
31/3/2021 21:52:56,En la comunidad actualmente,Biblioteca/Administrativo/Idiomas,des_igualdades,859443522029592576
31/3/2021 21:53:22,En la comunidad actualmente,Biblioteca/Administrativo/Idiomas,secolmex,3191354686
1/4/2021 2:09:22,En la comunidad actualmente,Centro de Estudios Internacionales (CEI),LoaezaSoledad,2494626685
7/4/2021 17:32:38,En la comunidad actualmente,"Centro de Estudios Demográficos, Urbanos y Ambientales (CEDUA)",ommyareizaga,437200769
9/4/2021 1:52:36,"Ex-alumno, ex-becario, ex-profesor, ex-administrativo",Centro de Estudios Internacionales (CEI),DeniseDresserG,435299501
9/4/2021 2:00:55,"Ex-alumno, ex-becario, ex-profesor, ex-administrativo",Centro de Estudios Internacionales (CEI),Alextuto,176863968