id,username,status,center
94496757,MGF91,former,CEE
52667287,magoreyes,current,CEE
1247720201501552641,Ar_charleston,former,CEE
45420967,ricardo_delao,former,CEE
818414802,Monsieur_JABS,current,CEI
1059655520938688513,maritzagomre,current,CEH
186689866,David_Vertty,current,CEI
981494792,paco_rueda_,current,CEE
825100500307738626,Rijasso,former,CEI
3743966598,atzinchiguil,current,CEE
170398596,pablo_derbez,current,CEE
335595350,AxelorioPangs,former,CEE
1372542209262813185,__miirrrr,former,CEE
1117960034,apgarzag,former,CEI
809934481,la_sanalotodo,current,CEI
127685309,Pau_Bouchot,former,CEE
81214553,val_mrls,former,CEI
2885499000,luis__fer__,current,CEE
1345526364,CEGudino,former,CEE
153982881,Regina_RT,former,CEI
284978538,GWCampuzano,former,CEE
40105481,tatianafd,former,CEI
587894779,Arturo_APR,former,CEI
131965979,Aprilis_T,former,CES
798727988,xime_leono,current,CEI
459780476,rodasmilian,former,CEE
131106194,JosueRM320,current,CEDUA
872981619220545536,BMOG00,current,CEI
887641962,_Mar1508,current,CEI
15458205,gomezlovera,former,CEE
523830221,_diegoac,former,CEE
162773274,los_agachados,former,CEE
1252890854,angiefael,current,CEE
1101215930963685378,santana_sabine,former,CEE
1202734710,rodrigo_charvel,current,CEI
183467283,luisfpergo,current,CEE
113233082,Marco_mna,current,CEE
1721825347,xilngocentrista,current,CEI
894546181,laqueandaxahi,former,CEI
255707088,willschoning,current,CEI
1171187428922728448,Laurita_DiRam,former,CEE
967830650894958593,fide_ap,current,CEDUA
1282089660509020161,DianaMartnezPa3,former,CEE
442592847,carmenfaroo,current,CELL
103772258,Julianatilano,former,CES
140475130,lillianmvr,current,CEDUA
139301627,vcardenas77,current,CEDUA
1024853147057967104,Rosales_MX_,former,CEDUA
286782054,GermanCampos1,current,CEE
1259926819425275904,tuiteaoscar,current,CEE
1008889656191025152,Freyvaz92,current,CEDUA
2455365890,MesiKhaleesi,current,CEDUA
179349364,_akaarigato,former,CEDUA
97308802,moredestructive,current,CEI
378054056,Marianasanudo,current,CEE
260316940,LeoEnriquezH,current,CEE
260088313,JuvenalCamposF,former,CEE
1096180073504428032,MarianoT306,current,CEE
1891492303,zalvadormt ,current,CES
346363412,anakarenmagar,former,CEE
213939726,maurod1993,former,CEI
59946772,Itzel_vqz,current,CEDUA
375979218,stfuyair__,current,CEI
241262103,solodimemario,current,CEI
1262501750868570112,DyssodiaPinnata,current,CEDUA
269538496,de_ruisenor,current,CEDUA
1199086748795625472,Fernando_HPach,current,CEE
85839725,CFraustoLara,former,CEI
1649552401,Yesmetztli ,current,CEE
97209751,HugoCastroH,former,CEE
963378100166897664,fatalefrau,former,CEI
1897528387,anacatpin,former,CEDUA
3053649281,cbuburron,current,CEI
837771794639642624,Ann_Plapelia,current,CEDUA
183865096,valentumina ,former,CEI
239653069,LinaC_MaS,current,CEDUA
830403907952054272,sebas_delamaza,current,CEE
87882499,luisenmad,former,CEI
132285630,KarlaFdaMacias,former,CEE
771104550707003392,jlsosagar,former,CEE
236204960,kikz_77,current,CEE
356614996,LuisLazos,current,CEI
1250516580,RatzanyelRincon,former,CEE
1144967825137664000,kathrynklaas,former,CEDUA
130202149,calm77,current,CEDUA
33667453,AlfredoNarvaez,former,CES
121919980,jaimelat,former,CEI
1077249683993575431,MarcoPolo_R,current,CEDUA
756985603648987136,andreablkr,current,CEE
172079167,jlandere,former,CEE
493190088,monsepazr,current,CEI
910303109984944129,Karlaneriii,former,CEE
61240916,jandradorado,current,CEDUA
838220731565535232,caedpema,current,CEI
822210275843534848,LuisFSulfito,current,CEI
175489281,Jojocalifornia,former,CEI
118659352,JBerasaluce,current,CEE
19805940,PMiller90 ,current,CEDUA
927433692,psicourbano,former,CEDUA
1091398180472639488,ketzi_a,former,CEI
74637209,fidelmonga,former,CEI
90312966,tat030,current,ADM
198210305,aldonavaa,current,CEI
308086356,Viviana_GD,current,CEI
247629953,Josemaria_mx,former,CEI
279176074,malenitzin,former,CEDUA
1171183299173265408,gabriela_palapa,current,CEAA
280813396,anasof_re,current,CEH
103081893,JesusSCarrillo,current,CEE
2321809326,tinocarreto93,former,CEE
53793717,ChemaGo,former,CEE
562437305,ddavidmt,current,CEE
3408778213,Jochgm,current,CEE
1494924290,maujimhz,current,CEI
133003259,viconomics,former,CEE
2833235353,ValaAntonio,current,CEI
328723102,aaaa_a_t,former,CEI
718584874337050626,cachandra_,current,CEI
292697689,mepa007,current,CEI
356342443,d_e_g_r,former,CEE
15685115,cabrowns,former,CEE
363763798,estebanolhovich,former,CEI
858050197192146946,erre_a_erre,former,CEE
1311801887860174848,munevar_sandram,current,CEDUA
14455944,tazy,former,CEH
88467147,bquevedo,former,CEE
715394046,Karen_Iv_25,former,CEH
1321483892424146946,isagileve,current,CEDUA
40294376,luisfmunguia,former,CEE
43407866,zepecaos,former,CEI
1023999529547427840,carlosyeudiel,current,CELL
264380418,DrLorenzoMeyer,current,CEI
1073742015337123840,GMarquezColin,former,CEE
1241634845220110336,VelaDib,former,CEE
1148643824891133952,ArturoHerrera_G,former,CEE
3475489514,Ssaucedo5050,current,CEDUA
53405285,gibranrr,former,CEI
1241911840923430920,krnvdrs,current,CEI
2291367079,flamand_laura,current,CEI
2455730743,rammaravilla ,current,CEI
1250382440,humbertobeck,current,CEI
3321649578,psolisaqui,current,CES
178954718,cmaldona2,former,CEI
166369385,JulioArmillas,current,CEDUA
23322761,macariomx,former,CEE
41931308,martinhache,current,CEH
374048645,LuisdePablo,former,CEH
34547057,niloot,former,CES
220271264,fnietomorales,current,CEI
261567919,aniuxa,former,CEDUA
158165217,sacampero,former,CEI
264276207,EvelynMagaliSR,former,CEE
1053347924103454720,missborderlands,former,CES
976593477604708354,Jc__pg,current,CEE
429300653,LuisenEscobar,former,CEI
89001892,luisrodaquino,former,CEI
1063148973492441088,rodrigo_leo_,current,CEE
17730691,mlmlog,former,CEE
595997803,AndresBesserer,former,CEI
218022095,juancolmeda,current,CEI
1149071213270093824,Landy_SanchezPe,current,CEDUA
1090042177302913025,PedroEGuerraH,current,CEE
344972147,7ufi3ladm1rad0r,former,CEI
976683518863474688,PalauEmiliano,former,CEI
963225037141696512,TercusKuhnsis,current,CEI
41401722,iulisca,former,CES
1268213935624335362,OOC_COLMEX,current,CEI
84146712,vicenteugalde,current,CEDUA
144271360,paugtzm,current,CES
1271177293076090880,eavg136,current,CEI
1243667004831260685,TianaBHayden,current,CEDUA
554824007,madiaca,former,CEI
260274699,elo_brun,current,CEI
1206040343176761346,_svazquez,current,CEDUA
1176497803784282114,CSamuelPalomera,current,CEI
956807179,Sofi_Leon98,current,CEI
1348836518576742407,trianagilm,current,CEI
555520379,dEmilianoAg,current,CEI
726398168271826944,CircelSolis,current,CEI
188178655,cero1796,former,CEI
113514502,tomlibrarian,current,ADM
84770379,DavidMaravilla,former,CEI
217311404,liztcam,former,CEI
118224151,elcolmex,current,ADM
1000764616949944320,b_luismc,current,CEI
814569504860700674,Maarianavar,current,CEI
85159265,Shungasensei,current,CEAA
35103616,sergioaguayo,current,CEI
266194661,JRCossio,current,CEDUA
72433740,esquivelgerardo,current,CEE
421180265,angonac,former,CEDUA
146870588,violetavr,current,CELL
580320701,dj3mb,current,CES
40756083,rocio_glez,former,CEDUA
3226697154,Lina_B77,current,CEI
2741188028,manuelgilanton,current,CES
829843403064111104,rblancartecolm1,current,CES
3269365244,julio100344,current,CES
276133649,gabcano,current,CES
176204227,SarahCernaV,current,CES
342226707,anagonmx,former,CEI
717413188027817984,alicekrozer,current,CES
123715428,rmcamposvazquez,current,CEE
138533301,Rubiodude,former,CES
37136082,_danichances,current,CES
14293283,japimeripous,former,CELL
1219389912237117440,ShadiRohana,current,CEAA
246113535,librocrepusculo,current,CEH
35035282,skuntzficker,current,CEH
1235728402960855040,PettinaVanni,current,CEH
1370451145,ArielKuri,current,CEH
36137994,Oscar__Matz,former,CEI
1043319853,FerAnaAA,current,CELL
235387109,Gonzalo_Almeyda,former,CEI
87886203,farmeria,former,CEI
1656204008,melinaltamirano,current,CEI
287856036,emilionazara,current,CEE
763886240945016832,mcpardo5,current,CEI
42909214,Luicy_Pedroza,current,CEI
260976617,fsomuano,current,CEI
873229194918023168,MartaTawil,current,CEI
320677183,veronicacrossa,current,CEDUA
2905725236,jdscolmex,current,CEDUA
257830993,susaler,current,CEDUA
164770050,jlezama2,current,CEDUA
110523861,Nat_llanes,current,CEDUA
830229597593612288,cmasfl,current,CEDUA
2901980018,nadinreis,current,CEDUA
325323230,maruri_ec,current,CEE
107570664,diego_lopezt,current,CEE
364424331,BlancaHerediaR,former,CEI
42549871,aocaranza,former,CEI
1093526425016127493,Vkerber1,former,CEI
118229888,ruydg,current,CEI
3984081494,veladelviento,former,CEI
427869636,EsteSalmon,former,CEI
3106239275,estanteabierto,former,CEH
308235874,sebas_canseco,current,CEI
1299164205594050563,mz_juanjo,current,CEE
379342997,RoyRogersGlez,former,CEE
96825547,mochis22,former,CEDUA
1546308840,VeremundoC,former,CEH
46726745,pilartg84,former,CEI
207843957,Victoriasoyyo,former,CEI
4223936778,ynot58A,former,CEE
66469942,surdot,former,CEI
1348520572196708353,UnSimpleLector_,former,CELL
1161493573,eruvalcab,current,ADM
129549899,iaacmx,former,CEI
98974161,Cynthiallanos,former,CEI
182827649,luzmahm,former,CEDUA
34769686,Lejaguar,former,CEI
556777889,Roger,current,CEI
600143517,heniohp,former,CEI
224021671,Q_mauro,former,CEE
244592660,Glomarinagod ,former,CEDUA
132504814,Stabridis77,former,CEE
83128968,rojo_neon,former,CES
1278447364768960513,more4t,former,ADM
482210543,Acaxochitl20,current,ADM
196980132,rsmoulinie,former,CEI
248945526,avilaquijas,former,CEH
176628498,equidadgenero,former,CES
457090748,aueoraggf,current,CEH
52217648,eledegan,former,CEDUA
258602189,clioisrael,former,CEH
92331834,jmmuro,former,CEE
32006496,BrendaPequeno,former,CEE
2550585457,gerardo37rom,former,CEDUA
2383986877,EvaOArceo,former,CEE
887081321352364033,b_guemez,current,CES
894352538,ralexisguillen,former,CEI
759885047646171136,Lorena_RuanoXD,current,CEI
101648502,jorgeschiavon,former,CEI
29240389,gchagary,former,CEI
34822466,javgarred,former,CEDUA
592307909,Cevel68VG,former,CEE
801852671946850304,Jose Antonio Aguilar Rivera ,former,CEI
1085664260099895297,adalcv,former,CEI
137360383,ecoluigi,former,CEE
416698377,palomajimdel,former,CEE
248803719,jemqcool,former,CEE
3300031274,Joel_caes,current,CEE
79109860,jfibarra,former,CEI
968664382711279616,AlphMed,current,CEE
3325210824,OpinayDebate1,former,CEE
141342813,taniarodriguezm,former,CES
144615157,bruneitorres,current,CEI
456751217,CEIColmex,current,CEI
198941912,CEDUAcolmex,current,CEDUA
1090639814808854528,UnidasColmex,current,ADM
2188868180,BiblioColmex,current,ADM
2355218522,CEHColmex,current,CEH
103959665,CEAAColmex,current,CEAA
745770199,CEEColmex,current,CEE
791706973372678144,CELLColmex,current,CELL
4148762112,CES_COLMEX,current,CES
2949431836,AalvaradoColmex,current,CES
64798737,m_ebrard,former,CEI
1194321352251117569,colmentoras,current,ADM
1226594757918457857,TodesColmex,current,ADM
4180929853,FundacionColmex,current,ADM
1855048909,SePEI_Colmex,current,CEI
871765187250016257,sedes_colmex,current,CES
859443522029592576,des_igualdades,current,ADM
3191354686,secolmex,current,ADM
2494626685,LoaezaSoledad,current,CEI
437200769,ommyareizaga,current,CEDUA
435299501,DeniseDresserG,former,CEI
176863968,Alextuto,former,CEI
